date,section,column,name,capacity_kw,energy_kwh
2026-06-29,PLANT,C,"PUMP HOUSE, TRAFFIC & CANTEEN",229.36,280.97
2026-06-29,PLANT,F,NARMADA,236.0,339.16
2026-06-29,PLANT,G,MCC 14-15,45.3,1.9
2026-06-29,PLANT,H,ADMIN CLUSTER & ADMINISTRATIVE BUILDING,70.0,9.0
2026-06-29,PLANT,I,MPSS & MCC 13-16,70.0,264.0
2026-06-29,PLANT,J,MCC-2,60.0,0.0
2026-06-29,PLANT,K,BAGGING,113.4,248.18
2026-06-29,PLANT,L,INSTRUMENT BUILDING,40.3,0.0
2026-06-29,PLANT,M,R&D LAB,10.0,36.0
2026-06-29,PLANT,N,TECHNICAL BUILDING & TECH BUILDING OLD,28.6,-223.29
2026-06-29,PLANT,O,MECHANICAL MORKSHOP,44.4,0.0
2026-06-29,PLANT,R,UREA,10.0,0.0
2026-06-29,PLANT,S,GET HOSTEL 1&2,37.9,0.4
2026-06-29,TOWNSHIP,C,SHOPPING CENTRE,72.135,129.6
2026-06-29,TOWNSHIP,F,MP HALL,32.13,107.0
2026-06-29,TOWNSHIP,G,BARAT GHAR,25.0,102.0
2026-06-29,TOWNSHIP,H,HOSPITAL,20.16,36.59
2026-06-29,TOWNSHIP,I,BANK & POST OFFICE,20.16,41.67
2026-07-01,PLANT,C,"PUMP HOUSE, TRAFFIC & CANTEEN",229.36,277.37
2026-07-01,PLANT,F,NARMADA,236.0,317.41
2026-07-01,PLANT,G,MCC 14-15,45.3,115.9
2026-07-01,PLANT,H,ADMIN CLUSTER & ADMINISTRATIVE BUILDING,70.0,9.0
2026-07-01,PLANT,I,MPSS & MCC 13-16,70.0,252.0
2026-07-01,PLANT,J,MCC-2,60.0,0.0
2026-07-01,PLANT,K,BAGGING,113.4,234.34
2026-07-01,PLANT,L,INSTRUMENT BUILDING,40.3,0.0
2026-07-01,PLANT,M,R&D LAB,10.0,35.0
2026-07-01,PLANT,N,TECHNICAL BUILDING & TECH BUILDING OLD,28.6,50.4
2026-07-01,PLANT,O,MECHANICAL MORKSHOP,44.4,0.0
2026-07-01,PLANT,R,UREA,10.0,0.0
2026-07-01,PLANT,S,GET HOSTEL 1&2,37.9,0.4
2026-07-01,TOWNSHIP,C,SHOPPING CENTRE,72.135,122.6
2026-07-01,TOWNSHIP,F,MP HALL,32.13,102.0
2026-07-01,TOWNSHIP,G,BARAT GHAR,25.0,98.0
2026-07-01,TOWNSHIP,H,HOSPITAL,20.16,35.3
2026-07-01,TOWNSHIP,I,BANK & POST OFFICE,20.16,41.67
2026-07-02,PLANT,C,"PUMP HOUSE, TRAFFIC & CANTEEN",229.36,262.47
2026-07-02,PLANT,F,NARMADA,236.0,294.17
2026-07-02,PLANT,G,MCC 14-15,45.3,36.3
2026-07-02,PLANT,H,ADMIN CLUSTER & ADMINISTRATIVE BUILDING,70.0,9.0
2026-07-02,PLANT,I,MPSS & MCC 13-16,70.0,232.0
2026-07-02,PLANT,J,MCC-2,60.0,0.0
2026-07-02,PLANT,K,BAGGING,113.4,191.51
2026-07-02,PLANT,L,INSTRUMENT BUILDING,40.3,0.0
2026-07-02,PLANT,M,R&D LAB,10.0,29.0
2026-07-02,PLANT,N,TECHNICAL BUILDING & TECH BUILDING OLD,28.6,45.02
2026-07-02,PLANT,O,MECHANICAL MORKSHOP,44.4,0.0
2026-07-02,PLANT,R,UREA,10.0,0.0
2026-07-02,PLANT,S,GET HOSTEL 1&2,37.9,0.4
2026-07-02,TOWNSHIP,C,SHOPPING CENTRE,72.135,118.19
2026-07-02,TOWNSHIP,F,MP HALL,32.13,95.0
2026-07-02,TOWNSHIP,G,BARAT GHAR,25.0,90.0
2026-07-02,TOWNSHIP,H,HOSPITAL,20.16,32.99
2026-07-02,TOWNSHIP,I,BANK & POST OFFICE,20.16,41.67
2026-07-03,PLANT,C,"PUMP HOUSE, TRAFFIC & CANTEEN",229.36,211.96
2026-07-03,PLANT,F,NARMADA,236.0,185.95
2026-07-03,PLANT,G,MCC 14-15,45.3,0.7
2026-07-03,PLANT,H,ADMIN CLUSTER & ADMINISTRATIVE BUILDING,70.0,9.0
2026-07-03,PLANT,I,MPSS & MCC 13-16,70.0,135.0
2026-07-03,PLANT,J,MCC-2,60.0,0.0
2026-07-03,PLANT,K,BAGGING,113.4,27.82
2026-07-03,PLANT,L,INSTRUMENT BUILDING,40.3,0.0
2026-07-03,PLANT,M,R&D LAB,10.0,18.0
2026-07-03,PLANT,N,TECHNICAL BUILDING & TECH BUILDING OLD,28.6,29.17
2026-07-03,PLANT,O,MECHANICAL MORKSHOP,44.4,0.0
2026-07-03,PLANT,R,UREA,10.0,0.0
2026-07-03,PLANT,S,GET HOSTEL 1&2,37.9,0.4
2026-07-03,TOWNSHIP,C,SHOPPING CENTRE,72.135,60.9
2026-07-03,TOWNSHIP,F,MP HALL,32.13,51.0
2026-07-03,TOWNSHIP,G,BARAT GHAR,25.0,48.0
2026-07-03,TOWNSHIP,H,HOSPITAL,20.16,16.76
2026-07-03,TOWNSHIP,I,BANK & POST OFFICE,20.16,41.67
2026-07-04,PLANT,C,"PUMP HOUSE, TRAFFIC & CANTEEN",229.36,176.07
2026-07-04,PLANT,F,NARMADA,236.0,76.45
2026-07-04,PLANT,G,MCC 14-15,45.3,5.2
2026-07-04,PLANT,H,ADMIN CLUSTER & ADMINISTRATIVE BUILDING,70.0,9.0
2026-07-04,PLANT,I,MPSS & MCC 13-16,70.0,63.0
2026-07-04,PLANT,J,MCC-2,60.0,0.0
2026-07-04,PLANT,K,BAGGING,113.4,13.71
2026-07-04,PLANT,L,INSTRUMENT BUILDING,40.3,0.0
2026-07-04,PLANT,M,R&D LAB,10.0,9.0
2026-07-04,PLANT,N,TECHNICAL BUILDING & TECH BUILDING OLD,28.6,9.71
2026-07-04,PLANT,O,MECHANICAL MORKSHOP,44.4,0.0
2026-07-04,PLANT,R,UREA,10.0,0.0
2026-07-04,PLANT,S,GET HOSTEL 1&2,37.9,0.4
2026-07-04,TOWNSHIP,C,SHOPPING CENTRE,72.135,27.1
2026-07-04,TOWNSHIP,F,MP HALL,32.13,25.0
2026-07-04,TOWNSHIP,G,BARAT GHAR,25.0,24.0
2026-07-04,TOWNSHIP,H,HOSPITAL,20.16,7.41
2026-07-04,TOWNSHIP,I,BANK & POST OFFICE,20.16,41.67
2026-07-08,PLANT,C,"PUMP HOUSE, TRAFFIC & CANTEEN",229.36,266.17
2026-07-08,PLANT,F,NARMADA,236.0,166.27
2026-07-08,PLANT,G,MCC 14-15,45.3,0.2
2026-07-08,PLANT,H,ADMIN CLUSTER & ADMINISTRATIVE BUILDING,70.0,9.0
2026-07-08,PLANT,I,MPSS & MCC 13-16,70.0,236.0
2026-07-08,PLANT,J,MCC-2,60.0,0.0
2026-07-08,PLANT,K,BAGGING,113.4,156.81
2026-07-08,PLANT,L,INSTRUMENT BUILDING,40.3,0.0
2026-07-08,PLANT,M,R&D LAB,10.0,31.0
2026-07-08,PLANT,N,TECHNICAL BUILDING & TECH BUILDING OLD,28.6,40.04
2026-07-08,PLANT,O,MECHANICAL MORKSHOP,44.4,0.0
2026-07-08,PLANT,R,UREA,10.0,0.0
2026-07-08,PLANT,S,GET HOSTEL 1&2,37.9,0.4
2026-07-08,TOWNSHIP,C,SHOPPING CENTRE,72.135,68.7
2026-07-08,TOWNSHIP,F,MP HALL,32.13,80.0
2026-07-08,TOWNSHIP,G,BARAT GHAR,25.0,0.0
2026-07-08,TOWNSHIP,H,HOSPITAL,20.16,27.95
2026-07-08,TOWNSHIP,I,BANK & POST OFFICE,20.16,41.67
2026-07-09,PLANT,C,"PUMP HOUSE, TRAFFIC & CANTEEN",229.36,275.77
2026-07-09,PLANT,F,NARMADA,236.0,238.59
2026-07-09,PLANT,G,MCC 14-15,45.3,0.2
2026-07-09,PLANT,H,ADMIN CLUSTER & ADMINISTRATIVE BUILDING,70.0,9.0
2026-07-09,PLANT,I,MPSS & MCC 13-16,70.0,259.0
2026-07-09,PLANT,J,MCC-2,60.0,0.0
2026-07-09,PLANT,K,BAGGING,113.4,247.3
2026-07-09,PLANT,L,INSTRUMENT BUILDING,40.3,0.0
2026-07-09,PLANT,M,R&D LAB,10.0,35.0
2026-07-09,PLANT,N,TECHNICAL BUILDING & TECH BUILDING OLD,28.6,42.33
2026-07-09,PLANT,O,MECHANICAL MORKSHOP,44.4,0.0
2026-07-09,PLANT,R,UREA,10.0,0.0
2026-07-09,PLANT,S,GET HOSTEL 1&2,37.9,0.4
2026-07-09,TOWNSHIP,C,SHOPPING CENTRE,72.135,116.1
2026-07-09,TOWNSHIP,F,MP HALL,32.13,96.0
2026-07-09,TOWNSHIP,G,BARAT GHAR,25.0,0.0
2026-07-09,TOWNSHIP,H,HOSPITAL,20.16,32.48
2026-07-09,TOWNSHIP,I,BANK & POST OFFICE,20.16,41.67
2026-07-10,PLANT,C,"PUMP HOUSE, TRAFFIC & CANTEEN",229.36,283.77
2026-07-10,PLANT,F,NARMADA,236.0,328.74
2026-07-10,PLANT,G,MCC 14-15,45.3,0.2
2026-07-10,PLANT,H,ADMIN CLUSTER & ADMINISTRATIVE BUILDING,70.0,9.0
2026-07-10,PLANT,I,MPSS & MCC 13-16,70.0,280.0
2026-07-10,PLANT,J,MCC-2,60.0,0.0
2026-07-10,PLANT,K,BAGGING,113.4,261.03
2026-07-10,PLANT,L,INSTRUMENT BUILDING,40.3,0.0
2026-07-10,PLANT,M,R&D LAB,10.0,37.0
2026-07-10,PLANT,N,TECHNICAL BUILDING & TECH BUILDING OLD,28.6,151.36
2026-07-10,PLANT,O,MECHANICAL MORKSHOP,44.4,0.0
2026-07-10,PLANT,R,UREA,10.0,0.0
2026-07-10,PLANT,S,GET HOSTEL 1&2,37.9,0.4
2026-07-10,TOWNSHIP,C,SHOPPING CENTRE,72.135,132.2
2026-07-10,TOWNSHIP,F,MP HALL,32.13,108.0
2026-07-10,TOWNSHIP,G,BARAT GHAR,25.0,0.0
2026-07-10,TOWNSHIP,H,HOSPITAL,20.16,37.95
2026-07-10,TOWNSHIP,I,BANK & POST OFFICE,20.16,41.67
2026-07-11,PLANT,C,"PUMP HOUSE, TRAFFIC & CANTEEN",229.36,250.27
2026-07-11,PLANT,F,NARMADA,236.0,269.27
2026-07-11,PLANT,G,MCC 14-15,45.3,0.2
2026-07-11,PLANT,H,ADMIN CLUSTER & ADMINISTRATIVE BUILDING,70.0,9.0
2026-07-11,PLANT,I,MPSS & MCC 13-16,70.0,225.0
2026-07-11,PLANT,J,MCC-2,60.0,0.0
2026-07-11,PLANT,K,BAGGING,113.4,210.02
2026-07-11,PLANT,L,INSTRUMENT BUILDING,40.3,0.0
2026-07-11,PLANT,M,R&D LAB,10.0,29.0
2026-07-11,PLANT,N,TECHNICAL BUILDING & TECH BUILDING OLD,28.6,33.76
2026-07-11,PLANT,O,MECHANICAL MORKSHOP,44.4,0.0
2026-07-11,PLANT,R,UREA,10.0,0.0
2026-07-11,PLANT,S,GET HOSTEL 1&2,37.9,0.4
2026-07-11,TOWNSHIP,C,SHOPPING CENTRE,72.135,104.0
2026-07-11,TOWNSHIP,F,MP HALL,32.13,86.0
2026-07-11,TOWNSHIP,G,BARAT GHAR,25.0,0.0
2026-07-11,TOWNSHIP,H,HOSPITAL,20.16,28.3
2026-07-11,TOWNSHIP,I,BANK & POST OFFICE,20.16,41.67
2026-07-12,PLANT,C,"PUMP HOUSE, TRAFFIC & CANTEEN",229.36,271.37
2026-07-12,PLANT,F,NARMADA,236.0,308.06
2026-07-12,PLANT,G,MCC 14-15,45.3,0.2
2026-07-12,PLANT,H,ADMIN CLUSTER & ADMINISTRATIVE BUILDING,70.0,9.0
2026-07-12,PLANT,I,MPSS & MCC 13-16,70.0,260.0
2026-07-12,PLANT,J,MCC-2,60.0,0.0
2026-07-12,PLANT,K,BAGGING,113.4,250.62
2026-07-12,PLANT,L,INSTRUMENT BUILDING,40.3,0.0
2026-07-12,PLANT,M,R&D LAB,10.0,36.0
2026-07-12,PLANT,N,TECHNICAL BUILDING & TECH BUILDING OLD,28.6,41.38
2026-07-12,PLANT,O,MECHANICAL MORKSHOP,44.4,0.0
2026-07-12,PLANT,R,UREA,10.0,0.0
2026-07-12,PLANT,S,GET HOSTEL 1&2,37.9,0.4
2026-07-12,TOWNSHIP,C,SHOPPING CENTRE,72.135,124.5
2026-07-12,TOWNSHIP,F,MP HALL,32.13,102.0
2026-07-12,TOWNSHIP,G,BARAT GHAR,25.0,0.0
2026-07-12,TOWNSHIP,H,HOSPITAL,20.16,35.22
2026-07-12,TOWNSHIP,I,BANK & POST OFFICE,20.16,41.67
2026-07-13,PLANT,C,"PUMP HOUSE, TRAFFIC & CANTEEN",229.36,290.27
2026-07-13,PLANT,F,NARMADA,236.0,353.28
2026-07-13,PLANT,G,MCC 14-15,45.3,0.2
2026-07-13,PLANT,H,ADMIN CLUSTER & ADMINISTRATIVE BUILDING,70.0,9.0
2026-07-13,PLANT,I,MPSS & MCC 13-16,70.0,300.0
2026-07-13,PLANT,J,MCC-2,60.0,0.0
2026-07-13,PLANT,K,BAGGING,113.4,288.43
2026-07-13,PLANT,L,INSTRUMENT BUILDING,40.3,0.0
2026-07-13,PLANT,M,R&D LAB,10.0,41.0
2026-07-13,PLANT,N,TECHNICAL BUILDING & TECH BUILDING OLD,28.6,48.25
2026-07-13,PLANT,O,MECHANICAL MORKSHOP,44.4,0.0
2026-07-13,PLANT,R,UREA,10.0,0.0
2026-07-13,PLANT,S,GET HOSTEL 1&2,37.9,0.4
2026-07-13,TOWNSHIP,C,SHOPPING CENTRE,72.135,145.4
2026-07-13,TOWNSHIP,F,MP HALL,32.13,120.0
2026-07-13,TOWNSHIP,G,BARAT GHAR,25.0,0.0
2026-07-13,TOWNSHIP,H,HOSPITAL,20.16,41.73
2026-07-13,TOWNSHIP,I,BANK & POST OFFICE,20.16,41.67
2026-07-14,PLANT,C,"PUMP HOUSE, TRAFFIC & CANTEEN",229.36,276.47
2026-07-14,PLANT,F,NARMADA,236.0,324.52
2026-07-14,PLANT,G,MCC 14-15,45.3,0.2
2026-07-14,PLANT,H,ADMIN CLUSTER & ADMINISTRATIVE BUILDING,70.0,9.0
2026-07-14,PLANT,I,MPSS & MCC 13-16,70.0,275.0
2026-07-14,PLANT,J,MCC-2,60.0,0.0
2026-07-14,PLANT,K,BAGGING,113.4,259.34
2026-07-14,PLANT,L,INSTRUMENT BUILDING,40.3,0.0
2026-07-14,PLANT,M,R&D LAB,10.0,37.0
2026-07-14,PLANT,N,TECHNICAL BUILDING & TECH BUILDING OLD,28.6,43.12
2026-07-14,PLANT,O,MECHANICAL MORKSHOP,44.4,0.0
2026-07-14,PLANT,R,UREA,10.0,0.0
2026-07-14,PLANT,S,GET HOSTEL 1&2,37.9,0.4
2026-07-14,TOWNSHIP,C,SHOPPING CENTRE,72.135,130.6
2026-07-14,TOWNSHIP,F,MP HALL,32.13,107.0
2026-07-14,TOWNSHIP,G,BARAT GHAR,25.0,0.0
2026-07-14,TOWNSHIP,H,HOSPITAL,20.16,37.64
2026-07-14,TOWNSHIP,I,BANK & POST OFFICE,20.16,41.67
2026-07-15,PLANT,C,"PUMP HOUSE, TRAFFIC & CANTEEN",229.36,278.57
2026-07-15,PLANT,F,NARMADA,236.0,330.06
2026-07-15,PLANT,G,MCC 14-15,45.3,0.2
2026-07-15,PLANT,H,ADMIN CLUSTER & ADMINISTRATIVE BUILDING,70.0,9.0
2026-07-15,PLANT,I,MPSS & MCC 13-16,70.0,277.0
2026-07-15,PLANT,J,MCC-2,60.0,0.0
2026-07-15,PLANT,K,BAGGING,113.4,263.99
2026-07-15,PLANT,L,INSTRUMENT BUILDING,40.3,0.0
2026-07-15,PLANT,M,R&D LAB,10.0,37.0
2026-07-15,PLANT,N,TECHNICAL BUILDING & TECH BUILDING OLD,28.6,45.01
2026-07-15,PLANT,O,MECHANICAL MORKSHOP,44.4,0.0
2026-07-15,PLANT,R,UREA,10.0,0.0
2026-07-15,PLANT,S,GET HOSTEL 1&2,37.9,0.4
2026-07-15,TOWNSHIP,C,SHOPPING CENTRE,72.135,134.9
2026-07-15,TOWNSHIP,F,MP HALL,32.13,112.0
2026-07-15,TOWNSHIP,G,BARAT GHAR,25.0,0.0
2026-07-15,TOWNSHIP,H,HOSPITAL,20.16,38.18
2026-07-15,TOWNSHIP,I,BANK & POST OFFICE,20.16,41.67
2026-07-16,PLANT,C,"PUMP HOUSE, TRAFFIC & CANTEEN",229.36,288.47
2026-07-16,PLANT,F,NARMADA,236.0,342.27
2026-07-16,PLANT,G,MCC 14-15,45.3,0.2
2026-07-16,PLANT,H,ADMIN CLUSTER & ADMINISTRATIVE BUILDING,70.0,9.0
2026-07-16,PLANT,I,MPSS & MCC 13-16,70.0,293.0
2026-07-16,PLANT,J,MCC-2,60.0,0.0
2026-07-16,PLANT,K,BAGGING,113.4,273.35
2026-07-16,PLANT,L,INSTRUMENT BUILDING,40.3,0.0
2026-07-16,PLANT,M,R&D LAB,10.0,39.0
2026-07-16,PLANT,N,TECHNICAL BUILDING & TECH BUILDING OLD,28.6,46.65
2026-07-16,PLANT,O,MECHANICAL MORKSHOP,44.4,0.0
2026-07-16,PLANT,R,UREA,10.0,0.0
2026-07-16,PLANT,S,GET HOSTEL 1&2,37.9,0.4
2026-07-16,TOWNSHIP,C,SHOPPING CENTRE,72.135,143.0
2026-07-16,TOWNSHIP,F,MP HALL,32.13,117.0
2026-07-16,TOWNSHIP,G,BARAT GHAR,25.0,0.0
2026-07-16,TOWNSHIP,H,HOSPITAL,20.16,39.75
2026-07-16,TOWNSHIP,I,BANK & POST OFFICE,20.16,41.67
2026-07-17,PLANT,C,"PUMP HOUSE, TRAFFIC & CANTEEN",229.36,251.57
2026-07-17,PLANT,F,NARMADA,236.0,268.02
2026-07-17,PLANT,G,MCC 14-15,45.3,0.2
2026-07-17,PLANT,H,ADMIN CLUSTER & ADMINISTRATIVE BUILDING,70.0,9.0
2026-07-17,PLANT,I,MPSS & MCC 13-16,70.0,219.0
2026-07-17,PLANT,J,MCC-2,60.0,0.0
2026-07-17,PLANT,K,BAGGING,113.4,168.27
2026-07-17,PLANT,L,INSTRUMENT BUILDING,40.3,0.0
2026-07-17,PLANT,M,R&D LAB,10.0,29.0
2026-07-17,PLANT,N,TECHNICAL BUILDING & TECH BUILDING OLD,28.6,35.23
2026-07-17,PLANT,O,MECHANICAL MORKSHOP,44.4,0.0
2026-07-17,PLANT,R,UREA,10.0,0.0
2026-07-17,PLANT,S,GET HOSTEL 1&2,37.9,0.4
2026-07-17,TOWNSHIP,C,SHOPPING CENTRE,72.135,106.9
2026-07-17,TOWNSHIP,F,MP HALL,32.13,93.0
2026-07-17,TOWNSHIP,G,BARAT GHAR,25.0,0.0
2026-07-17,TOWNSHIP,H,HOSPITAL,20.16,30.89
2026-07-17,TOWNSHIP,I,BANK & POST OFFICE,20.16,41.67
2026-07-18,PLANT,C,"PUMP HOUSE, TRAFFIC & CANTEEN",229.36,256.67
2026-07-18,PLANT,F,NARMADA,236.0,275.5
2026-07-18,PLANT,G,MCC 14-15,45.3,0.2
2026-07-18,PLANT,H,ADMIN CLUSTER & ADMINISTRATIVE BUILDING,70.0,9.0
2026-07-18,PLANT,I,MPSS & MCC 13-16,70.0,225.0
2026-07-18,PLANT,J,MCC-2,60.0,0.0
2026-07-18,PLANT,K,BAGGING,113.4,205.26
2026-07-18,PLANT,L,INSTRUMENT BUILDING,40.3,0.0
2026-07-18,PLANT,M,R&D LAB,10.0,29.0
2026-07-18,PLANT,N,TECHNICAL BUILDING & TECH BUILDING OLD,28.6,33.0
2026-07-18,PLANT,O,MECHANICAL MORKSHOP,44.4,0.0
2026-07-18,PLANT,R,UREA,10.0,0.0
2026-07-18,PLANT,S,GET HOSTEL 1&2,37.9,0.4
2026-07-18,TOWNSHIP,C,SHOPPING CENTRE,72.135,108.19
2026-07-18,TOWNSHIP,F,MP HALL,32.13,89.0
2026-07-18,TOWNSHIP,G,BARAT GHAR,25.0,0.0
2026-07-18,TOWNSHIP,H,HOSPITAL,20.16,30.56
2026-07-18,TOWNSHIP,I,BANK & POST OFFICE,20.16,41.67
2026-07-19,PLANT,C,"PUMP HOUSE, TRAFFIC & CANTEEN",229.36,281.77
2026-07-19,PLANT,F,NARMADA,236.0,326.12
2026-07-19,PLANT,G,MCC 14-15,45.3,0.2
2026-07-19,PLANT,H,ADMIN CLUSTER & ADMINISTRATIVE BUILDING,70.0,9.0
2026-07-19,PLANT,I,MPSS & MCC 13-16,70.0,273.0
2026-07-19,PLANT,J,MCC-2,60.0,0.0
2026-07-19,PLANT,K,BAGGING,113.4,252.8
2026-07-19,PLANT,L,INSTRUMENT BUILDING,40.3,0.0
2026-07-19,PLANT,M,R&D LAB,10.0,37.0
2026-07-19,PLANT,N,TECHNICAL BUILDING & TECH BUILDING OLD,28.6,44.51
2026-07-19,PLANT,O,MECHANICAL MORKSHOP,44.4,0.0
2026-07-19,PLANT,R,UREA,10.0,0.0
2026-07-19,PLANT,S,GET HOSTEL 1&2,37.9,0.4
2026-07-19,TOWNSHIP,C,SHOPPING CENTRE,72.135,128.3
2026-07-19,TOWNSHIP,F,MP HALL,32.13,106.0
2026-07-19,TOWNSHIP,G,BARAT GHAR,25.0,0.0
2026-07-19,TOWNSHIP,H,HOSPITAL,20.16,36.54
2026-07-19,TOWNSHIP,I,BANK & POST OFFICE,20.16,41.67
2026-07-20,PLANT,C,"PUMP HOUSE, TRAFFIC & CANTEEN",229.36,273.27
2026-07-20,PLANT,F,NARMADA,236.0,179.01
2026-07-20,PLANT,G,MCC 14-15,45.3,0.2
2026-07-20,PLANT,H,ADMIN CLUSTER & ADMINISTRATIVE BUILDING,70.0,9.0
2026-07-20,PLANT,I,MPSS & MCC 13-16,70.0,259.0
2026-07-20,PLANT,J,MCC-2,60.0,0.0
2026-07-20,PLANT,K,BAGGING,113.4,213.84
2026-07-20,PLANT,L,INSTRUMENT BUILDING,40.3,0.0
2026-07-20,PLANT,M,R&D LAB,10.0,36.0
2026-07-20,PLANT,N,TECHNICAL BUILDING & TECH BUILDING OLD,28.6,44.52
2026-07-20,PLANT,O,MECHANICAL MORKSHOP,44.4,0.0
2026-07-20,PLANT,R,UREA,10.0,0.0
2026-07-20,PLANT,S,GET HOSTEL 1&2,37.9,0.4
2026-07-20,TOWNSHIP,C,SHOPPING CENTRE,72.135,116.0
2026-07-20,TOWNSHIP,F,MP HALL,32.13,96.0
2026-07-20,TOWNSHIP,G,BARAT GHAR,25.0,0.0
2026-07-20,TOWNSHIP,H,HOSPITAL,20.16,33.86
2026-07-20,TOWNSHIP,I,BANK & POST OFFICE,20.16,41.67
2026-07-21,PLANT,C,"PUMP HOUSE, TRAFFIC & CANTEEN",229.36,245.17
2026-07-21,PLANT,F,NARMADA,236.0,229.2
2026-07-21,PLANT,G,MCC 14-15,45.3,0.2
2026-07-21,PLANT,H,ADMIN CLUSTER & ADMINISTRATIVE BUILDING,70.0,9.0
2026-07-21,PLANT,I,MPSS & MCC 13-16,70.0,197.0
2026-07-21,PLANT,J,MCC-2,60.0,0.0
2026-07-21,PLANT,K,BAGGING,113.4,167.39
2026-07-21,PLANT,L,INSTRUMENT BUILDING,40.3,0.0
2026-07-21,PLANT,M,R&D LAB,10.0,28.0
2026-07-21,PLANT,N,TECHNICAL BUILDING & TECH BUILDING OLD,28.6,29.71
2026-07-21,PLANT,O,MECHANICAL MORKSHOP,44.4,0.0
2026-07-21,PLANT,R,UREA,10.0,0.0
2026-07-21,PLANT,S,GET HOSTEL 1&2,37.9,0.4
2026-07-21,TOWNSHIP,C,SHOPPING CENTRE,72.135,85.2
2026-07-21,TOWNSHIP,F,MP HALL,32.13,72.0
2026-07-21,TOWNSHIP,G,BARAT GHAR,25.0,0.0
2026-07-21,TOWNSHIP,H,HOSPITAL,20.16,25.12
2026-07-21,TOWNSHIP,I,BANK & POST OFFICE,20.16,41.67
2026-07-22,PLANT,C,"PUMP HOUSE, TRAFFIC & CANTEEN",229.36,228.57
2026-07-22,PLANT,F,NARMADA,236.0,212.51
2026-07-22,PLANT,G,MCC 14-15,45.3,0.2
2026-07-22,PLANT,H,ADMIN CLUSTER & ADMINISTRATIVE BUILDING,70.0,9.0
2026-07-22,PLANT,I,MPSS & MCC 13-16,70.0,164.0
2026-07-22,PLANT,J,MCC-2,60.0,0.0
2026-07-22,PLANT,K,BAGGING,113.4,126.92
2026-07-22,PLANT,L,INSTRUMENT BUILDING,40.3,0.0
2026-07-22,PLANT,M,R&D LAB,10.0,22.0
2026-07-22,PLANT,N,TECHNICAL BUILDING & TECH BUILDING OLD,28.6,28.8
2026-07-22,PLANT,O,MECHANICAL MORKSHOP,44.4,0.0
2026-07-22,PLANT,R,UREA,10.0,0.0
2026-07-22,PLANT,S,GET HOSTEL 1&2,37.9,0.4
2026-07-22,TOWNSHIP,C,SHOPPING CENTRE,72.135,72.3
2026-07-22,TOWNSHIP,F,MP HALL,32.13,64.0
2026-07-22,TOWNSHIP,G,BARAT GHAR,25.0,0.0
2026-07-22,TOWNSHIP,H,HOSPITAL,20.16,21.88
2026-07-22,TOWNSHIP,I,BANK & POST OFFICE,20.16,41.67
2026-07-23,PLANT,C,"PUMP HOUSE, TRAFFIC & CANTEEN",229.36,150.97
2026-07-23,PLANT,F,NARMADA,236.0,55.62
2026-07-23,PLANT,G,MCC 14-15,45.3,0.2
2026-07-23,PLANT,H,ADMIN CLUSTER & ADMINISTRATIVE BUILDING,70.0,9.0
2026-07-23,PLANT,I,MPSS & MCC 13-16,70.0,13.0
2026-07-23,PLANT,J,MCC-2,60.0,0.0
2026-07-23,PLANT,K,BAGGING,113.4,8.01
2026-07-23,PLANT,L,INSTRUMENT BUILDING,40.3,0.0
2026-07-23,PLANT,M,R&D LAB,10.0,3.0
2026-07-23,PLANT,N,TECHNICAL BUILDING & TECH BUILDING OLD,28.6,0.0
2026-07-23,PLANT,O,MECHANICAL MORKSHOP,44.4,0.0
2026-07-23,PLANT,R,UREA,10.0,0.0
2026-07-23,PLANT,S,GET HOSTEL 1&2,37.9,0.4
2026-07-23,TOWNSHIP,C,SHOPPING CENTRE,72.135,3.3
2026-07-23,TOWNSHIP,F,MP HALL,32.13,1.0
2026-07-23,TOWNSHIP,G,BARAT GHAR,25.0,0.0
2026-07-23,TOWNSHIP,H,HOSPITAL,20.16,0.07
2026-07-23,TOWNSHIP,I,BANK & POST OFFICE,20.16,41.67
2026-07-24,PLANT,C,"PUMP HOUSE, TRAFFIC & CANTEEN",229.36,164.57
2026-07-24,PLANT,F,NARMADA,236.0,77.87
2026-07-24,PLANT,G,MCC 14-15,45.3,0.2
2026-07-24,PLANT,H,ADMIN CLUSTER & ADMINISTRATIVE BUILDING,70.0,9.0
2026-07-24,PLANT,I,MPSS & MCC 13-16,70.0,44.0
2026-07-24,PLANT,J,MCC-2,60.0,0.0
2026-07-24,PLANT,K,BAGGING,113.4,38.72
2026-07-24,PLANT,L,INSTRUMENT BUILDING,40.3,0.0
2026-07-24,PLANT,M,R&D LAB,10.0,0.0
2026-07-24,PLANT,N,TECHNICAL BUILDING & TECH BUILDING OLD,28.6,5.36
2026-07-24,PLANT,O,MECHANICAL MORKSHOP,44.4,0.0
2026-07-24,PLANT,R,UREA,10.0,0.0
2026-07-24,PLANT,S,GET HOSTEL 1&2,37.9,0.4
2026-07-24,TOWNSHIP,C,SHOPPING CENTRE,72.135,14.2
2026-07-24,TOWNSHIP,F,MP HALL,32.13,14.0
2026-07-24,TOWNSHIP,G,BARAT GHAR,25.0,0.0
2026-07-24,TOWNSHIP,H,HOSPITAL,20.16,2.58
2026-07-24,TOWNSHIP,I,BANK & POST OFFICE,20.16,41.67
2026-07-25,PLANT,C,"PUMP HOUSE, TRAFFIC & CANTEEN",229.36,171.77
2026-07-25,PLANT,F,NARMADA,236.0,90.08
2026-07-25,PLANT,G,MCC 14-15,45.3,0.2
2026-07-25,PLANT,H,ADMIN CLUSTER & ADMINISTRATIVE BUILDING,70.0,9.0
2026-07-25,PLANT,I,MPSS & MCC 13-16,70.0,58.0
2026-07-25,PLANT,J,MCC-2,60.0,0.0
2026-07-25,PLANT,K,BAGGING,113.4,55.53
2026-07-25,PLANT,L,INSTRUMENT BUILDING,40.3,0.0
2026-07-25,PLANT,M,R&D LAB,10.0,2.0
2026-07-25,PLANT,N,TECHNICAL BUILDING & TECH BUILDING OLD,28.6,9.93
2026-07-25,PLANT,O,MECHANICAL MORKSHOP,44.4,0.0
2026-07-25,PLANT,R,UREA,10.0,0.0
2026-07-25,PLANT,S,GET HOSTEL 1&2,37.9,0.4
2026-07-25,TOWNSHIP,C,SHOPPING CENTRE,72.135,0.2
2026-07-25,TOWNSHIP,F,MP HALL,32.13,22.0
2026-07-25,TOWNSHIP,G,BARAT GHAR,25.0,0.0
2026-07-25,TOWNSHIP,H,HOSPITAL,20.16,5.27
2026-07-25,TOWNSHIP,I,BANK & POST OFFICE,20.16,41.67
2026-07-26,PLANT,C,"PUMP HOUSE, TRAFFIC & CANTEEN",229.36,193.07
2026-07-26,PLANT,F,NARMADA,236.0,96.26
2026-07-26,PLANT,G,MCC 14-15,45.3,0.2
2026-07-26,PLANT,H,ADMIN CLUSTER & ADMINISTRATIVE BUILDING,70.0,9.0
2026-07-26,PLANT,I,MPSS & MCC 13-16,70.0,102.0
2026-07-26,PLANT,J,MCC-2,60.0,0.0
2026-07-26,PLANT,K,BAGGING,113.4,21.34
2026-07-26,PLANT,L,INSTRUMENT BUILDING,40.3,0.0
2026-07-26,PLANT,M,R&D LAB,10.0,13.0
2026-07-26,PLANT,N,TECHNICAL BUILDING & TECH BUILDING OLD,28.6,14.92
2026-07-26,PLANT,O,MECHANICAL MORKSHOP,44.4,0.0
2026-07-26,PLANT,R,UREA,10.0,0.0
2026-07-26,PLANT,S,GET HOSTEL 1&2,37.9,0.4
2026-07-26,TOWNSHIP,C,SHOPPING CENTRE,72.135,16.2
2026-07-26,TOWNSHIP,F,MP HALL,32.13,41.0
2026-07-26,TOWNSHIP,G,BARAT GHAR,25.0,0.0
2026-07-26,TOWNSHIP,H,HOSPITAL,20.16,13.18
2026-07-26,TOWNSHIP,I,BANK & POST OFFICE,20.16,41.67
2026-07-31,PLANT,C,"PUMP HOUSE, TRAFFIC & CANTEEN",229.36,221.96
2026-07-31,PLANT,F,NARMADA,236.0,182.42
2026-07-31,PLANT,G,MCC 14-15,45.3,0.2
2026-07-31,PLANT,H,ADMIN CLUSTER & ADMINISTRATIVE BUILDING,70.0,9.0
2026-07-31,PLANT,I,MPSS & MCC 13-16,70.0,151.0
2026-07-31,PLANT,J,MCC-2,60.0,0.0
2026-07-31,PLANT,K,BAGGING,113.4,148.46
2026-07-31,PLANT,L,INSTRUMENT BUILDING,40.3,0.0
2026-07-31,PLANT,M,R&D LAB,10.0,20.0
2026-07-31,PLANT,N,TECHNICAL BUILDING & TECH BUILDING OLD,28.6,24.89
2026-07-31,PLANT,O,MECHANICAL MORKSHOP,44.4,0.0
2026-07-31,PLANT,R,UREA,10.0,0.0
2026-07-31,PLANT,S,GET HOSTEL 1&2,37.9,0.4
2026-07-31,TOWNSHIP,C,SHOPPING CENTRE,72.135,76.5
2026-07-31,TOWNSHIP,F,MP HALL,32.13,65.0
2026-07-31,TOWNSHIP,G,BARAT GHAR,25.0,0.0
2026-07-31,TOWNSHIP,H,HOSPITAL,20.16,20.97
2026-07-31,TOWNSHIP,I,BANK & POST OFFICE,20.16,41.67
2026-08-01,PLANT,C,"PUMP HOUSE, TRAFFIC & CANTEEN",229.36,165.27
2026-08-01,PLANT,F,NARMADA,236.0,54.38
2026-08-01,PLANT,G,MCC 14-15,45.3,0.2
2026-08-01,PLANT,H,ADMIN CLUSTER & ADMINISTRATIVE BUILDING,70.0,9.0
2026-08-01,PLANT,I,MPSS & MCC 13-16,70.0,43.0
2026-08-01,PLANT,J,MCC-2,60.0,0.0
2026-08-01,PLANT,K,BAGGING,113.4,9.6
2026-08-01,PLANT,L,INSTRUMENT BUILDING,40.3,0.0
2026-08-01,PLANT,M,R&D LAB,10.0,5.0
2026-08-01,PLANT,N,TECHNICAL BUILDING & TECH BUILDING OLD,28.6,6.86
2026-08-01,PLANT,O,MECHANICAL MORKSHOP,44.4,0.0
2026-08-01,PLANT,R,UREA,10.0,0.0
2026-08-01,PLANT,S,GET HOSTEL 1&2,37.9,0.4
2026-08-01,TOWNSHIP,C,SHOPPING CENTRE,72.135,1.5
2026-08-01,TOWNSHIP,F,MP HALL,32.13,16.0
2026-08-01,TOWNSHIP,G,BARAT GHAR,25.0,0.0
2026-08-01,TOWNSHIP,H,HOSPITAL,20.16,3.61
2026-08-01,TOWNSHIP,I,BANK & POST OFFICE,20.16,41.67
2026-08-02,PLANT,C,"PUMP HOUSE, TRAFFIC & CANTEEN",229.36,208.37
2026-08-02,PLANT,F,NARMADA,236.0,155.43
2026-08-02,PLANT,G,MCC 14-15,45.3,0.2
2026-08-02,PLANT,H,ADMIN CLUSTER & ADMINISTRATIVE BUILDING,70.0,9.0
2026-08-02,PLANT,I,MPSS & MCC 13-16,70.0,126.0
2026-08-02,PLANT,J,MCC-2,60.0,0.0
2026-08-02,PLANT,K,BAGGING,113.4,55.84
2026-08-02,PLANT,L,INSTRUMENT BUILDING,40.3,0.0
2026-08-02,PLANT,M,R&D LAB,10.0,18.0
2026-08-02,PLANT,N,TECHNICAL BUILDING & TECH BUILDING OLD,28.6,24.27
2026-08-02,PLANT,O,MECHANICAL MORKSHOP,44.4,0.0
2026-08-02,PLANT,R,UREA,10.0,0.0
2026-08-02,PLANT,S,GET HOSTEL 1&2,37.9,0.4
2026-08-02,TOWNSHIP,C,SHOPPING CENTRE,72.135,30.0
2026-08-02,TOWNSHIP,F,MP HALL,32.13,47.0
2026-08-02,TOWNSHIP,G,BARAT GHAR,25.0,0.0
2026-08-02,TOWNSHIP,H,HOSPITAL,20.16,15.38
2026-08-02,TOWNSHIP,I,BANK & POST OFFICE,20.16,41.67
2026-08-03,PLANT,C,"PUMP HOUSE, TRAFFIC & CANTEEN",229.36,277.97
2026-08-03,PLANT,F,NARMADA,236.0,173.77
2026-08-03,PLANT,G,MCC 14-15,45.3,0.2
2026-08-03,PLANT,H,ADMIN CLUSTER & ADMINISTRATIVE BUILDING,70.0,9.0
2026-08-03,PLANT,I,MPSS & MCC 13-16,70.0,263.0
2026-08-03,PLANT,J,MCC-2,60.0,0.0
2026-08-03,PLANT,K,BAGGING,113.4,246.01
2026-08-03,PLANT,L,INSTRUMENT BUILDING,40.3,0.0
2026-08-03,PLANT,M,R&D LAB,10.0,36.0
2026-08-03,PLANT,N,TECHNICAL BUILDING & TECH BUILDING OLD,28.6,44.66
2026-08-03,PLANT,O,MECHANICAL MORKSHOP,44.4,0.0
2026-08-03,PLANT,R,UREA,10.0,0.0
2026-08-03,PLANT,S,GET HOSTEL 1&2,37.9,0.4
2026-08-03,TOWNSHIP,C,SHOPPING CENTRE,72.135,121.8
2026-08-03,TOWNSHIP,F,MP HALL,32.13,103.0
2026-08-03,TOWNSHIP,G,BARAT GHAR,25.0,0.0
2026-08-03,TOWNSHIP,H,HOSPITAL,20.16,35.41
2026-08-03,TOWNSHIP,I,BANK & POST OFFICE,20.16,41.67
2026-08-04,PLANT,C,"PUMP HOUSE, TRAFFIC & CANTEEN",229.36,252.57
2026-08-04,PLANT,F,NARMADA,236.0,204.01
2026-08-04,PLANT,G,MCC 14-15,45.3,0.2
2026-08-04,PLANT,H,ADMIN CLUSTER & ADMINISTRATIVE BUILDING,70.0,9.0
2026-08-04,PLANT,I,MPSS & MCC 13-16,70.0,207.0
2026-08-04,PLANT,J,MCC-2,60.0,0.0
2026-08-04,PLANT,K,BAGGING,113.4,203.07
2026-08-04,PLANT,L,INSTRUMENT BUILDING,40.3,0.0
2026-08-04,PLANT,M,R&D LAB,10.0,29.0
2026-08-04,PLANT,N,TECHNICAL BUILDING & TECH BUILDING OLD,28.6,33.68
2026-08-04,PLANT,O,MECHANICAL MORKSHOP,44.4,0.0
2026-08-04,PLANT,R,UREA,10.0,0.0
2026-08-04,PLANT,S,GET HOSTEL 1&2,37.9,0.4
2026-08-04,TOWNSHIP,C,SHOPPING CENTRE,72.135,101.69
2026-08-04,TOWNSHIP,F,MP HALL,32.13,85.0
2026-08-04,TOWNSHIP,G,BARAT GHAR,25.0,0.0
2026-08-04,TOWNSHIP,H,HOSPITAL,20.16,28.37
2026-08-04,TOWNSHIP,I,BANK & POST OFFICE,20.16,41.67
2026-08-05,PLANT,C,"PUMP HOUSE, TRAFFIC & CANTEEN",229.36,266.57
2026-08-05,PLANT,F,NARMADA,236.0,283.76
2026-08-05,PLANT,G,MCC 14-15,45.3,0.2
2026-08-05,PLANT,H,ADMIN CLUSTER & ADMINISTRATIVE BUILDING,70.0,9.0
2026-08-05,PLANT,I,MPSS & MCC 13-16,70.0,234.0
2026-08-05,PLANT,J,MCC-2,60.0,0.0
2026-08-05,PLANT,K,BAGGING,113.4,229.0
2026-08-05,PLANT,L,INSTRUMENT BUILDING,40.3,0.0
2026-08-05,PLANT,M,R&D LAB,10.0,33.0
2026-08-05,PLANT,N,TECHNICAL BUILDING & TECH BUILDING OLD,28.6,40.2
2026-08-05,PLANT,O,MECHANICAL MORKSHOP,44.4,0.0
2026-08-05,PLANT,R,UREA,10.0,0.0
2026-08-05,PLANT,S,GET HOSTEL 1&2,37.9,0.4
2026-08-05,TOWNSHIP,C,SHOPPING CENTRE,72.135,100.19
2026-08-05,TOWNSHIP,F,MP HALL,32.13,83.0
2026-08-05,TOWNSHIP,G,BARAT GHAR,25.0,0.0
2026-08-05,TOWNSHIP,H,HOSPITAL,20.16,28.05
2026-08-05,TOWNSHIP,I,BANK & POST OFFICE,20.16,41.67
2026-08-06,PLANT,C,"PUMP HOUSE, TRAFFIC & CANTEEN",229.36,355.9
2026-08-06,PLANT,F,NARMADA,236.0,291.34
2026-08-06,PLANT,G,MCC 14-15,45.3,0.2
2026-08-06,PLANT,H,ADMIN CLUSTER & ADMINISTRATIVE BUILDING,70.0,9.0
2026-08-06,PLANT,I,MPSS & MCC 13-16,70.0,248.0
2026-08-06,PLANT,J,MCC-2,60.0,0.0
2026-08-06,PLANT,K,BAGGING,113.4,240.3
2026-08-06,PLANT,L,INSTRUMENT BUILDING,40.3,0.0
2026-08-06,PLANT,M,R&D LAB,10.0,32.0
2026-08-06,PLANT,N,TECHNICAL BUILDING & TECH BUILDING OLD,28.6,39.22
2026-08-06,PLANT,O,MECHANICAL MORKSHOP,44.4,0.0
2026-08-06,PLANT,R,UREA,10.0,0.0
2026-08-06,PLANT,S,GET HOSTEL 1&2,37.9,0.4
2026-08-06,TOWNSHIP,C,SHOPPING CENTRE,72.135,111.1
2026-08-06,TOWNSHIP,F,MP HALL,32.13,93.0
2026-08-06,TOWNSHIP,G,BARAT GHAR,25.0,0.0
2026-08-06,TOWNSHIP,H,HOSPITAL,20.16,30.47
2026-08-06,TOWNSHIP,I,BANK & POST OFFICE,20.16,41.67
2026-08-07,PLANT,C,"PUMP HOUSE, TRAFFIC & CANTEEN",229.36,340.8
2026-08-07,PLANT,F,NARMADA,236.0,257.29
2026-08-07,PLANT,G,MCC 14-15,45.3,0.2
2026-08-07,PLANT,H,ADMIN CLUSTER & ADMINISTRATIVE BUILDING,70.0,9.0
2026-08-07,PLANT,I,MPSS & MCC 13-16,70.0,206.0
2026-08-07,PLANT,J,MCC-2,60.0,0.0
2026-08-07,PLANT,K,BAGGING,113.4,200.93
2026-08-07,PLANT,L,INSTRUMENT BUILDING,40.3,0.0
2026-08-07,PLANT,M,R&D LAB,10.0,28.0
2026-08-07,PLANT,N,TECHNICAL BUILDING & TECH BUILDING OLD,28.6,32.62
2026-08-07,PLANT,O,MECHANICAL MORKSHOP,44.4,0.0
2026-08-07,PLANT,R,UREA,10.0,0.0
2026-08-07,PLANT,S,GET HOSTEL 1&2,37.9,0.4
2026-08-07,TOWNSHIP,C,SHOPPING CENTRE,72.135,101.6
2026-08-07,TOWNSHIP,F,MP HALL,32.13,84.0
2026-08-07,TOWNSHIP,G,BARAT GHAR,25.0,0.0
2026-08-07,TOWNSHIP,H,HOSPITAL,20.16,28.48
2026-08-07,TOWNSHIP,I,BANK & POST OFFICE,20.16,41.67
2026-08-08,PLANT,C,"PUMP HOUSE, TRAFFIC & CANTEEN",229.36,360.9
2026-08-08,PLANT,F,NARMADA,236.0,283.82
2026-08-08,PLANT,G,MCC 14-15,45.3,0.2
2026-08-08,PLANT,H,ADMIN CLUSTER & ADMINISTRATIVE BUILDING,70.0,9.0
2026-08-08,PLANT,I,MPSS & MCC 13-16,70.0,245.0
2026-08-08,PLANT,J,MCC-2,60.0,0.0
2026-08-08,PLANT,K,BAGGING,113.4,239.34
2026-08-08,PLANT,L,INSTRUMENT BUILDING,40.3,0.0
2026-08-08,PLANT,M,R&D LAB,10.0,34.0
2026-08-08,PLANT,N,TECHNICAL BUILDING & TECH BUILDING OLD,28.6,41.8
2026-08-08,PLANT,O,MECHANICAL MORKSHOP,44.4,0.0
2026-08-08,PLANT,R,UREA,10.0,0.0
2026-08-08,PLANT,S,GET HOSTEL 1&2,37.9,0.4
2026-08-08,TOWNSHIP,C,SHOPPING CENTRE,72.135,114.5
2026-08-08,TOWNSHIP,F,MP HALL,32.13,93.0
2026-08-08,TOWNSHIP,G,BARAT GHAR,25.0,0.0
2026-08-08,TOWNSHIP,H,HOSPITAL,20.16,31.44
2026-08-08,TOWNSHIP,I,BANK & POST OFFICE,20.16,41.67
2026-08-09,PLANT,C,"PUMP HOUSE, TRAFFIC & CANTEEN",229.36,374.3
2026-08-09,PLANT,F,NARMADA,236.0,294.64
2026-08-09,PLANT,G,MCC 14-15,45.3,0.2
2026-08-09,PLANT,H,ADMIN CLUSTER & ADMINISTRATIVE BUILDING,70.0,9.0
2026-08-09,PLANT,I,MPSS & MCC 13-16,70.0,271.0
2026-08-09,PLANT,J,MCC-2,60.0,0.0
2026-08-09,PLANT,K,BAGGING,113.4,267.69
2026-08-09,PLANT,L,INSTRUMENT BUILDING,40.3,0.0
2026-08-09,PLANT,M,R&D LAB,10.0,37.0
2026-08-09,PLANT,N,TECHNICAL BUILDING & TECH BUILDING OLD,28.6,46.86
2026-08-09,PLANT,O,MECHANICAL MORKSHOP,44.4,0.0
2026-08-09,PLANT,R,UREA,10.0,0.0
2026-08-09,PLANT,S,GET HOSTEL 1&2,37.9,0.4
2026-08-09,TOWNSHIP,C,SHOPPING CENTRE,72.135,121.7
2026-08-09,TOWNSHIP,F,MP HALL,32.13,99.0
2026-08-09,TOWNSHIP,G,BARAT GHAR,25.0,0.0
2026-08-09,TOWNSHIP,H,HOSPITAL,20.16,34.24
2026-08-09,TOWNSHIP,I,BANK & POST OFFICE,20.16,41.67
2026-08-10,PLANT,C,"PUMP HOUSE, TRAFFIC & CANTEEN",229.36,272.2
2026-08-10,PLANT,F,NARMADA,236.0,119.33
2026-08-10,PLANT,G,MCC 14-15,45.3,0.2
2026-08-10,PLANT,H,ADMIN CLUSTER & ADMINISTRATIVE BUILDING,70.0,9.0
2026-08-10,PLANT,I,MPSS & MCC 13-16,70.0,78.0
2026-08-10,PLANT,J,MCC-2,60.0,0.0
2026-08-10,PLANT,K,BAGGING,113.4,78.08
2026-08-10,PLANT,L,INSTRUMENT BUILDING,40.3,0.0
2026-08-10,PLANT,M,R&D LAB,10.0,11.0
2026-08-10,PLANT,N,TECHNICAL BUILDING & TECH BUILDING OLD,28.6,11.95
2026-08-10,PLANT,O,MECHANICAL MORKSHOP,44.4,0.0
2026-08-10,PLANT,R,UREA,10.0,0.0
2026-08-10,PLANT,S,GET HOSTEL 1&2,37.9,0.4
2026-08-10,TOWNSHIP,C,SHOPPING CENTRE,72.135,34.1
2026-08-10,TOWNSHIP,F,MP HALL,32.13,30.0
2026-08-10,TOWNSHIP,G,BARAT GHAR,25.0,0.0
2026-08-10,TOWNSHIP,H,HOSPITAL,20.16,8.93
2026-08-10,TOWNSHIP,I,BANK & POST OFFICE,20.16,41.67
2026-08-11,PLANT,C,"PUMP HOUSE, TRAFFIC & CANTEEN",229.36,289.9
2026-08-11,PLANT,F,NARMADA,236.0,151.84
2026-08-11,PLANT,G,MCC 14-15,45.3,0.2
2026-08-11,PLANT,H,ADMIN CLUSTER & ADMINISTRATIVE BUILDING,70.0,9.0
2026-08-11,PLANT,I,MPSS & MCC 13-16,70.0,105.0
2026-08-11,PLANT,J,MCC-2,60.0,0.0
2026-08-11,PLANT,K,BAGGING,113.4,66.77
2026-08-11,PLANT,L,INSTRUMENT BUILDING,40.3,0.0
2026-08-11,PLANT,M,R&D LAB,10.0,16.0
2026-08-11,PLANT,N,TECHNICAL BUILDING & TECH BUILDING OLD,28.6,19.05
2026-08-11,PLANT,O,MECHANICAL MORKSHOP,44.4,0.0
2026-08-11,PLANT,R,UREA,10.0,0.0
2026-08-11,PLANT,S,GET HOSTEL 1&2,37.9,0.4
2026-08-11,TOWNSHIP,C,SHOPPING CENTRE,72.135,24.7
2026-08-11,TOWNSHIP,F,MP HALL,32.13,43.0
2026-08-11,TOWNSHIP,G,BARAT GHAR,25.0,0.0
2026-08-11,TOWNSHIP,H,HOSPITAL,20.16,14.63
2026-08-11,TOWNSHIP,I,BANK & POST OFFICE,20.16,41.67
2026-08-12,PLANT,C,"PUMP HOUSE, TRAFFIC & CANTEEN",229.36,286.1
2026-08-12,PLANT,F,NARMADA,236.0,154.24
2026-08-12,PLANT,G,MCC 14-15,45.3,0.2
2026-08-12,PLANT,H,ADMIN CLUSTER & ADMINISTRATIVE BUILDING,70.0,9.0
2026-08-12,PLANT,I,MPSS & MCC 13-16,70.0,105.0
2026-08-12,PLANT,J,MCC-2,60.0,0.0
2026-08-12,PLANT,K,BAGGING,113.4,100.78
2026-08-12,PLANT,L,INSTRUMENT BUILDING,40.3,0.0
2026-08-12,PLANT,M,R&D LAB,10.0,15.0
2026-08-12,PLANT,N,TECHNICAL BUILDING & TECH BUILDING OLD,28.6,15.77
2026-08-12,PLANT,O,MECHANICAL MORKSHOP,44.4,0.0
2026-08-12,PLANT,R,UREA,10.0,0.0
2026-08-12,PLANT,S,GET HOSTEL 1&2,37.9,0.4
2026-08-12,TOWNSHIP,C,SHOPPING CENTRE,72.135,44.7
2026-08-12,TOWNSHIP,F,MP HALL,32.13,40.0
2026-08-12,TOWNSHIP,G,BARAT GHAR,25.0,0.0
2026-08-12,TOWNSHIP,H,HOSPITAL,20.16,12.89
2026-08-12,TOWNSHIP,I,BANK & POST OFFICE,20.16,41.67
2026-08-13,PLANT,C,"PUMP HOUSE, TRAFFIC & CANTEEN",229.36,312.9
2026-08-13,PLANT,F,NARMADA,236.0,240.91
2026-08-13,PLANT,G,MCC 14-15,45.3,38.0
2026-08-13,PLANT,H,ADMIN CLUSTER & ADMINISTRATIVE BUILDING,70.0,9.0
2026-08-13,PLANT,I,MPSS & MCC 13-16,70.0,162.0
2026-08-13,PLANT,J,MCC-2,60.0,0.0
2026-08-13,PLANT,K,BAGGING,113.4,150.79
2026-08-13,PLANT,L,INSTRUMENT BUILDING,40.3,0.0
2026-08-13,PLANT,M,R&D LAB,10.0,22.0
2026-08-13,PLANT,N,TECHNICAL BUILDING & TECH BUILDING OLD,28.6,27.2
2026-08-13,PLANT,O,MECHANICAL MORKSHOP,44.4,0.0
2026-08-13,PLANT,R,UREA,10.0,0.0
2026-08-13,PLANT,S,GET HOSTEL 1&2,37.9,0.4
2026-08-13,TOWNSHIP,C,SHOPPING CENTRE,72.135,75.3
2026-08-13,TOWNSHIP,F,MP HALL,32.13,61.0
2026-08-13,TOWNSHIP,G,BARAT GHAR,25.0,0.0
2026-08-13,TOWNSHIP,H,HOSPITAL,20.16,20.71
2026-08-13,TOWNSHIP,I,BANK & POST OFFICE,20.16,41.67
2026-08-14,PLANT,C,"PUMP HOUSE, TRAFFIC & CANTEEN",229.36,310.6
2026-08-14,PLANT,F,NARMADA,236.0,232.61
2026-08-14,PLANT,G,MCC 14-15,45.3,5.8
2026-08-14,PLANT,H,ADMIN CLUSTER & ADMINISTRATIVE BUILDING,70.0,9.0
2026-08-14,PLANT,I,MPSS & MCC 13-16,70.0,154.0
2026-08-14,PLANT,J,MCC-2,60.0,51.0
2026-08-14,PLANT,K,BAGGING,113.4,145.79
2026-08-14,PLANT,L,INSTRUMENT BUILDING,40.3,0.0
2026-08-14,PLANT,M,R&D LAB,10.0,21.0
2026-08-14,PLANT,N,TECHNICAL BUILDING & TECH BUILDING OLD,28.6,25.2
2026-08-14,PLANT,O,MECHANICAL MORKSHOP,44.4,0.0
2026-08-14,PLANT,R,UREA,10.0,0.0
2026-08-14,PLANT,S,GET HOSTEL 1&2,37.9,0.4
2026-08-14,TOWNSHIP,C,SHOPPING CENTRE,72.135,69.5
2026-08-14,TOWNSHIP,F,MP HALL,32.13,61.0
2026-08-14,TOWNSHIP,G,BARAT GHAR,25.0,0.0
2026-08-14,TOWNSHIP,H,HOSPITAL,20.16,19.86
2026-08-14,TOWNSHIP,I,BANK & POST OFFICE,20.16,41.67
2026-08-15,PLANT,C,"PUMP HOUSE, TRAFFIC & CANTEEN",229.36,360.7
2026-08-15,PLANT,F,NARMADA,236.0,350.3
2026-08-15,PLANT,G,MCC 14-15,45.3,145.5
2026-08-15,PLANT,H,ADMIN CLUSTER & ADMINISTRATIVE BUILDING,70.0,9.0
2026-08-15,PLANT,I,MPSS & MCC 13-16,70.0,255.0
2026-08-15,PLANT,J,MCC-2,60.0,96.0
2026-08-15,PLANT,K,BAGGING,113.4,242.11
2026-08-15,PLANT,L,INSTRUMENT BUILDING,40.3,0.0
2026-08-15,PLANT,M,R&D LAB,10.0,35.0
2026-08-15,PLANT,N,TECHNICAL BUILDING & TECH BUILDING OLD,28.6,43.45
2026-08-15,PLANT,O,MECHANICAL MORKSHOP,44.4,0.0
2026-08-15,PLANT,R,UREA,10.0,0.0
2026-08-15,PLANT,S,GET HOSTEL 1&2,37.9,0.4
2026-08-15,TOWNSHIP,C,SHOPPING CENTRE,72.135,119.3
2026-08-15,TOWNSHIP,F,MP HALL,32.13,96.0
2026-08-15,TOWNSHIP,G,BARAT GHAR,25.0,0.0
2026-08-15,TOWNSHIP,H,HOSPITAL,20.16,34.06
2026-08-15,TOWNSHIP,I,BANK & POST OFFICE,20.16,41.67
2026-08-16,PLANT,C,"PUMP HOUSE, TRAFFIC & CANTEEN",229.36,325.3
2026-08-16,PLANT,F,NARMADA,236.0,268.33
2026-08-16,PLANT,G,MCC 14-15,45.3,102.4
2026-08-16,PLANT,H,ADMIN CLUSTER & ADMINISTRATIVE BUILDING,70.0,9.0
2026-08-16,PLANT,I,MPSS & MCC 13-16,70.0,183.0
2026-08-16,PLANT,J,MCC-2,60.0,70.0
2026-08-16,PLANT,K,BAGGING,113.4,177.19
2026-08-16,PLANT,L,INSTRUMENT BUILDING,40.3,0.0
2026-08-16,PLANT,M,R&D LAB,10.0,25.0
2026-08-16,PLANT,N,TECHNICAL BUILDING & TECH BUILDING OLD,28.6,29.32
2026-08-16,PLANT,O,MECHANICAL MORKSHOP,44.4,0.0
2026-08-16,PLANT,R,UREA,10.0,0.0
2026-08-16,PLANT,S,GET HOSTEL 1&2,37.9,0.4
2026-08-16,TOWNSHIP,C,SHOPPING CENTRE,72.135,94.0
2026-08-16,TOWNSHIP,F,MP HALL,32.13,78.0
2026-08-16,TOWNSHIP,G,BARAT GHAR,25.0,0.0
2026-08-16,TOWNSHIP,H,HOSPITAL,20.16,26.44
2026-08-16,TOWNSHIP,I,BANK & POST OFFICE,20.16,41.67
2026-08-17,PLANT,C,"PUMP HOUSE, TRAFFIC & CANTEEN",229.36,332.0
2026-08-17,PLANT,F,NARMADA,236.0,279.91
2026-08-17,PLANT,G,MCC 14-15,45.3,51.4
2026-08-17,PLANT,H,ADMIN CLUSTER & ADMINISTRATIVE BUILDING,70.0,9.0
2026-08-17,PLANT,I,MPSS & MCC 13-16,70.0,190.0
2026-08-17,PLANT,J,MCC-2,60.0,74.0
2026-08-17,PLANT,K,BAGGING,113.4,184.09
2026-08-17,PLANT,L,INSTRUMENT BUILDING,40.3,0.0
2026-08-17,PLANT,M,R&D LAB,10.0,27.0
2026-08-17,PLANT,N,TECHNICAL BUILDING & TECH BUILDING OLD,28.6,32.23
2026-08-17,PLANT,O,MECHANICAL MORKSHOP,44.4,0.0
2026-08-17,PLANT,R,UREA,10.0,0.0
2026-08-17,PLANT,S,GET HOSTEL 1&2,37.9,0.4
2026-08-17,TOWNSHIP,C,SHOPPING CENTRE,72.135,92.9
2026-08-17,TOWNSHIP,F,MP HALL,32.13,78.0
2026-08-17,TOWNSHIP,G,BARAT GHAR,25.0,0.0
2026-08-17,TOWNSHIP,H,HOSPITAL,20.16,26.54
2026-08-17,TOWNSHIP,I,BANK & POST OFFICE,20.16,41.67
2026-08-18,PLANT,C,"PUMP HOUSE, TRAFFIC & CANTEEN",229.36,349.9
2026-08-18,PLANT,F,NARMADA,236.0,325.26
2026-08-18,PLANT,G,MCC 14-15,45.3,101.9
2026-08-18,PLANT,H,ADMIN CLUSTER & ADMINISTRATIVE BUILDING,70.0,9.0
2026-08-18,PLANT,I,MPSS & MCC 13-16,70.0,230.0
2026-08-18,PLANT,J,MCC-2,60.0,88.0
2026-08-18,PLANT,K,BAGGING,113.4,221.3
2026-08-18,PLANT,L,INSTRUMENT BUILDING,40.3,0.0
2026-08-18,PLANT,M,R&D LAB,10.0,31.0
2026-08-18,PLANT,N,TECHNICAL BUILDING & TECH BUILDING OLD,28.6,37.72
2026-08-18,PLANT,O,MECHANICAL MORKSHOP,44.4,0.0
2026-08-18,PLANT,R,UREA,10.0,0.0
2026-08-18,PLANT,S,GET HOSTEL 1&2,37.9,0.4
2026-08-18,TOWNSHIP,C,SHOPPING CENTRE,72.135,105.6
2026-08-18,TOWNSHIP,F,MP HALL,32.13,87.0
2026-08-18,TOWNSHIP,G,BARAT GHAR,25.0,0.0
2026-08-18,TOWNSHIP,H,HOSPITAL,20.16,29.52
2026-08-18,TOWNSHIP,I,BANK & POST OFFICE,20.16,41.67
2026-08-19,PLANT,C,"PUMP HOUSE, TRAFFIC & CANTEEN",229.36,350.4
2026-08-19,PLANT,F,NARMADA,236.0,322.94
2026-08-19,PLANT,G,MCC 14-15,45.3,136.5
2026-08-19,PLANT,H,ADMIN CLUSTER & ADMINISTRATIVE BUILDING,70.0,9.0
2026-08-19,PLANT,I,MPSS & MCC 13-16,70.0,227.0
2026-08-19,PLANT,J,MCC-2,60.0,89.0
2026-08-19,PLANT,K,BAGGING,113.4,224.17
2026-08-19,PLANT,L,INSTRUMENT BUILDING,40.3,0.0
2026-08-19,PLANT,M,R&D LAB,10.0,33.0
2026-08-19,PLANT,N,TECHNICAL BUILDING & TECH BUILDING OLD,28.6,40.89
2026-08-19,PLANT,O,MECHANICAL MORKSHOP,44.4,0.0
2026-08-19,PLANT,R,UREA,10.0,0.0
2026-08-19,PLANT,S,GET HOSTEL 1&2,37.9,0.4
2026-08-19,TOWNSHIP,C,SHOPPING CENTRE,72.135,110.8
2026-08-19,TOWNSHIP,F,MP HALL,32.13,91.0
2026-08-19,TOWNSHIP,G,BARAT GHAR,25.0,0.0
2026-08-19,TOWNSHIP,H,HOSPITAL,20.16,31.27
2026-08-19,TOWNSHIP,I,BANK & POST OFFICE,20.16,41.67
2026-08-20,PLANT,C,"PUMP HOUSE, TRAFFIC & CANTEEN",229.36,321.2
2026-08-20,PLANT,F,NARMADA,236.0,284.41
2026-08-20,PLANT,G,MCC 14-15,45.3,111.8
2026-08-20,PLANT,H,ADMIN CLUSTER & ADMINISTRATIVE BUILDING,70.0,9.0
2026-08-20,PLANT,I,MPSS & MCC 13-16,70.0,105.0
2026-08-20,PLANT,J,MCC-2,60.0,75.0
2026-08-20,PLANT,K,BAGGING,113.4,187.2
2026-08-20,PLANT,L,INSTRUMENT BUILDING,40.3,95.8
2026-08-20,PLANT,M,R&D LAB,10.0,27.0
2026-08-20,PLANT,N,TECHNICAL BUILDING & TECH BUILDING OLD,28.6,79.36
2026-08-20,PLANT,O,MECHANICAL MORKSHOP,44.4,0.0
2026-08-20,PLANT,R,UREA,10.0,0.0
2026-08-20,PLANT,S,GET HOSTEL 1&2,37.9,0.4
2026-08-20,TOWNSHIP,C,SHOPPING CENTRE,72.135,93.4
2026-08-20,TOWNSHIP,F,MP HALL,32.13,77.0
2026-08-20,TOWNSHIP,G,BARAT GHAR,25.0,0.0
2026-08-20,TOWNSHIP,H,HOSPITAL,20.16,26.44
2026-08-20,TOWNSHIP,I,BANK & POST OFFICE,20.16,41.67
2026-08-21,PLANT,C,"PUMP HOUSE, TRAFFIC & CANTEEN",229.36,300.2
2026-08-21,PLANT,F,NARMADA,236.0,236.39
2026-08-21,PLANT,G,MCC 14-15,45.3,90.1
2026-08-21,PLANT,H,ADMIN CLUSTER & ADMINISTRATIVE BUILDING,70.0,9.0
2026-08-21,PLANT,I,MPSS & MCC 13-16,70.0,154.0
2026-08-21,PLANT,J,MCC-2,60.0,59.0
2026-08-21,PLANT,K,BAGGING,113.4,150.54
2026-08-21,PLANT,L,INSTRUMENT BUILDING,40.3,91.5
2026-08-21,PLANT,M,R&D LAB,10.0,21.0
2026-08-21,PLANT,N,TECHNICAL BUILDING & TECH BUILDING OLD,28.6,52.0
2026-08-21,PLANT,O,MECHANICAL MORKSHOP,44.4,0.0
2026-08-21,PLANT,R,UREA,10.0,0.0
2026-08-21,PLANT,S,GET HOSTEL 1&2,37.9,0.4
2026-08-21,TOWNSHIP,C,SHOPPING CENTRE,72.135,66.0
2026-08-21,TOWNSHIP,F,MP HALL,32.13,58.0
2026-08-21,TOWNSHIP,G,BARAT GHAR,25.0,0.0
2026-08-21,TOWNSHIP,H,HOSPITAL,20.16,18.48
2026-08-21,TOWNSHIP,I,BANK & POST OFFICE,20.16,41.67
2026-08-22,PLANT,C,"PUMP HOUSE, TRAFFIC & CANTEEN",229.36,332.8
2026-08-22,PLANT,F,NARMADA,236.0,314.43
2026-08-22,PLANT,G,MCC 14-15,45.3,124.3
2026-08-22,PLANT,H,ADMIN CLUSTER & ADMINISTRATIVE BUILDING,70.0,9.0
2026-08-22,PLANT,I,MPSS & MCC 13-16,70.0,214.0
2026-08-22,PLANT,J,MCC-2,60.0,82.0
2026-08-22,PLANT,K,BAGGING,113.4,207.19
2026-08-22,PLANT,L,INSTRUMENT BUILDING,40.3,125.9
2026-08-22,PLANT,M,R&D LAB,10.0,31.0
2026-08-22,PLANT,N,TECHNICAL BUILDING & TECH BUILDING OLD,28.6,105.35
2026-08-22,PLANT,O,MECHANICAL MORKSHOP,44.4,0.0
2026-08-22,PLANT,R,UREA,10.0,0.0
2026-08-22,PLANT,S,GET HOSTEL 1&2,37.9,0.4
2026-08-22,TOWNSHIP,C,SHOPPING CENTRE,72.135,101.19
2026-08-22,TOWNSHIP,F,MP HALL,32.13,84.0
2026-08-22,TOWNSHIP,G,BARAT GHAR,25.0,0.0
2026-08-22,TOWNSHIP,H,HOSPITAL,20.16,28.72
2026-08-22,TOWNSHIP,I,BANK & POST OFFICE,20.16,41.67
2026-08-23,PLANT,C,"PUMP HOUSE, TRAFFIC & CANTEEN",229.36,320.3
2026-08-23,PLANT,F,NARMADA,236.0,289.53
2026-08-23,PLANT,G,MCC 14-15,45.3,110.0
2026-08-23,PLANT,H,ADMIN CLUSTER & ADMINISTRATIVE BUILDING,70.0,9.0
2026-08-23,PLANT,I,MPSS & MCC 13-16,70.0,193.0
2026-08-23,PLANT,J,MCC-2,60.0,77.0
2026-08-23,PLANT,K,BAGGING,113.4,188.63
2026-08-23,PLANT,L,INSTRUMENT BUILDING,40.3,110.8
2026-08-23,PLANT,M,R&D LAB,10.0,26.0
2026-08-23,PLANT,N,TECHNICAL BUILDING & TECH BUILDING OLD,28.6,99.43
2026-08-23,PLANT,O,MECHANICAL MORKSHOP,44.4,0.0
2026-08-23,PLANT,R,UREA,10.0,0.0
2026-08-23,PLANT,S,GET HOSTEL 1&2,37.9,0.4
2026-08-23,TOWNSHIP,C,SHOPPING CENTRE,72.135,103.19
2026-08-23,TOWNSHIP,F,MP HALL,32.13,87.0
2026-08-23,TOWNSHIP,G,BARAT GHAR,25.0,0.0
2026-08-23,TOWNSHIP,H,HOSPITAL,20.16,29.02
2026-08-23,TOWNSHIP,I,BANK & POST OFFICE,20.16,41.67
2026-08-24,PLANT,C,"PUMP HOUSE, TRAFFIC & CANTEEN",229.36,350.09
2026-08-24,PLANT,F,NARMADA,236.0,362.9
2026-08-24,PLANT,G,MCC 14-15,45.3,147.1
2026-08-24,PLANT,H,ADMIN CLUSTER & ADMINISTRATIVE BUILDING,70.0,9.0
2026-08-24,PLANT,I,MPSS & MCC 13-16,70.0,258.0
2026-08-24,PLANT,J,MCC-2,60.0,97.0
2026-08-24,PLANT,K,BAGGING,113.4,251.26
2026-08-24,PLANT,L,INSTRUMENT BUILDING,40.3,151.5
2026-08-24,PLANT,M,R&D LAB,10.0,35.0
2026-08-24,PLANT,N,TECHNICAL BUILDING & TECH BUILDING OLD,28.6,131.82
2026-08-24,PLANT,O,MECHANICAL MORKSHOP,44.4,0.0
2026-08-24,PLANT,R,UREA,10.0,0.0
2026-08-24,PLANT,S,GET HOSTEL 1&2,37.9,0.4
2026-08-24,TOWNSHIP,C,SHOPPING CENTRE,72.135,128.0
2026-08-24,TOWNSHIP,F,MP HALL,32.13,106.0
2026-08-24,TOWNSHIP,G,BARAT GHAR,25.0,0.0
2026-08-24,TOWNSHIP,H,HOSPITAL,20.16,35.03
2026-08-24,TOWNSHIP,I,BANK & POST OFFICE,20.16,41.67
2026-08-25,PLANT,C,"PUMP HOUSE, TRAFFIC & CANTEEN",229.36,357.5
2026-08-25,PLANT,F,NARMADA,236.0,360.57
2026-08-25,PLANT,G,MCC 14-15,45.3,153.5
2026-08-25,PLANT,H,ADMIN CLUSTER & ADMINISTRATIVE BUILDING,70.0,9.0
2026-08-25,PLANT,I,MPSS & MCC 13-16,70.0,257.0
2026-08-25,PLANT,J,MCC-2,60.0,96.0
2026-08-25,PLANT,K,BAGGING,113.4,250.16
2026-08-25,PLANT,L,INSTRUMENT BUILDING,40.3,153.89
2026-08-25,PLANT,M,R&D LAB,10.0,36.0
2026-08-25,PLANT,N,TECHNICAL BUILDING & TECH BUILDING OLD,28.6,137.45
2026-08-25,PLANT,O,MECHANICAL MORKSHOP,44.4,0.0
2026-08-25,PLANT,R,UREA,10.0,0.0
2026-08-25,PLANT,S,GET HOSTEL 1&2,37.9,0.4
2026-08-25,TOWNSHIP,C,SHOPPING CENTRE,72.135,93.2
2026-08-25,TOWNSHIP,F,MP HALL,32.13,102.0
2026-08-25,TOWNSHIP,G,BARAT GHAR,25.0,0.0
2026-08-25,TOWNSHIP,H,HOSPITAL,20.16,34.4
2026-08-25,TOWNSHIP,I,BANK & POST OFFICE,20.16,41.67
2026-08-26,PLANT,C,"PUMP HOUSE, TRAFFIC & CANTEEN",229.36,348.5
2026-08-26,PLANT,F,NARMADA,236.0,335.56
2026-08-26,PLANT,G,MCC 14-15,45.3,144.3
2026-08-26,PLANT,H,ADMIN CLUSTER & ADMINISTRATIVE BUILDING,70.0,9.0
2026-08-26,PLANT,I,MPSS & MCC 13-16,70.0,241.0
2026-08-26,PLANT,J,MCC-2,60.0,90.0
2026-08-26,PLANT,K,BAGGING,113.4,236.88
2026-08-26,PLANT,L,INSTRUMENT BUILDING,40.3,146.6
2026-08-26,PLANT,M,R&D LAB,10.0,34.0
2026-08-26,PLANT,N,TECHNICAL BUILDING & TECH BUILDING OLD,28.6,129.75
2026-08-26,PLANT,O,MECHANICAL MORKSHOP,44.4,0.0
2026-08-26,PLANT,R,UREA,10.0,0.0
2026-08-26,PLANT,S,GET HOSTEL 1&2,37.9,0.4
2026-08-26,TOWNSHIP,C,SHOPPING CENTRE,72.135,108.1
2026-08-26,TOWNSHIP,F,MP HALL,32.13,86.0
2026-08-26,TOWNSHIP,G,BARAT GHAR,25.0,0.0
2026-08-26,TOWNSHIP,H,HOSPITAL,20.16,28.4
2026-08-26,TOWNSHIP,I,BANK & POST OFFICE,20.16,41.67
