date,source_file,plant_kwh_computed,plant_kwh_reported,plant_capacity_kw_computed,plant_capacity_kw_reported,plant_site_count,township_kwh_computed,township_kwh_reported,township_capacity_kw_computed,township_capacity_kw_reported,township_site_count,net_kwh_reported,net_capacity_kw_reported,net_kwh_computed,net_capacity_kw_computed,plant_kwh_delta,township_kwh_delta,net_kwh_delta,reconciliation_flags,dated_in_sheet,headline_kwh
2026-06-29,Generation/06/30/2026 17:17.xlsx,956.32,694.06,995.26,925.26,13,416.86,416.86,169.585,169.585,5,1498.52,1472.515,1373.18,1164.845,262.26,0.0,-125.34,plant:+262.26kWh;net:-125.34kWh,yes,1373.18
2026-07-01,Generation/07/01/2026 20:41.xlsx,1291.82,1041.44,995.26,925.26,13,399.57,399.57,169.585,169.585,5,1828.61,1472.515,1691.39,1164.845,250.38,0.0,-137.22,plant:+250.38kWh;net:-137.22kWh,yes,1691.39
2026-07-02,Generation/07/02/2026 20:41.xlsx,1099.87,869.29,995.26,925.26,13,377.85,377.85,169.585,169.585,5,1634.74,1472.515,1477.72,1164.845,230.58,0.0,-157.02,plant:+230.58kWh;net:-157.02kWh,yes,1477.72
2026-07-03,Generation/07/03/2026 20:40.xlsx,618.0,483.45,995.26,925.26,13,218.33,218.33,169.585,169.585,5,1089.38,1472.515,836.33,1164.845,134.55,0.0,-253.05,plant:+134.55kWh;net:-253.05kWh,yes,836.33
2026-07-04,Generation/07/04/2026 20:40.xlsx,362.54,299.27,995.26,925.26,13,125.18,125.18,169.585,169.585,5,812.05,1472.515,487.72,1164.845,63.27,0.0,-324.33,plant:+63.27kWh;net:-324.33kWh,yes,487.72
2026-07-08,Generation/07/09/2026 11:28.xlsx,905.89,671.35,995.26,925.26,13,218.32,218.32,169.585,169.585,5,1277.27,1472.515,1124.21,1164.845,234.54,0.0,-153.06,plant:+234.54kWh;net:-153.06kWh,yes,1124.21
2026-07-09,Generation/07/09/2026 20:40.xlsx,1107.59,850.28,995.26,925.26,13,286.25,286.25,169.585,169.585,5,1524.13,1472.515,1393.84,1164.845,257.31,0.0,-130.29,plant:+257.31kWh;net:-130.29kWh,yes,1393.84
2026-07-10,Generation/07/10/2026 20:40.xlsx,1351.5,1073.4,995.26,925.26,13,319.82,319.82,169.585,169.585,5,1780.82,1472.515,1671.32,1164.845,278.1,0.0,-109.5,plant:+278.10kWh;net:-109.50kWh,yes,1671.32
2026-07-11,Generation/07/11/2026 20:40.xlsx,1026.92,803.27,995.26,925.26,13,259.97,259.97,169.585,169.585,5,1450.84,1472.515,1286.89,1164.845,223.65,0.0,-163.95,plant:+223.65kWh;net:-163.95kWh,yes,1286.89
2026-07-12,Generation/07/12/2026 20:40.xlsx,1177.03,918.73,995.26,925.26,13,303.39,303.39,169.585,169.585,5,1609.72,1472.515,1480.42,1164.845,258.3,0.0,-129.3,plant:+258.30kWh;net:-129.30kWh,yes,1480.42
2026-07-13,Generation/07/13/2026 20:40.xlsx,1330.83,1032.93,995.26,925.26,13,348.8,348.8,169.585,169.585,5,1769.33,1472.515,1679.63,1164.845,297.9,0.0,-89.7,plant:+297.90kWh;net:-89.70kWh,yes,1679.63
2026-07-14,Generation/07/14/2026 20:40.xlsx,1225.05,951.9,995.26,925.26,13,316.91,316.91,169.585,169.585,5,1656.41,1472.515,1541.96,1164.845,273.15,0.0,-114.45,plant:+273.15kWh;net:-114.45kWh,yes,1541.96
2026-07-15,Generation/07/15/2026 20:40.xlsx,1241.23,966.1,995.26,925.26,13,326.75,326.75,169.585,169.585,5,1680.45,1472.515,1567.98,1164.845,275.13,0.0,-112.47,plant:+275.13kWh;net:-112.47kWh,yes,1567.98
2026-07-16,Generation/07/16/2026 20:40.xlsx,1292.34,1001.37,995.26,925.26,13,341.42,341.42,169.585,169.585,5,1730.39,1472.515,1633.76,1164.845,290.97,0.0,-96.63,plant:+290.97kWh;net:-96.63kWh,yes,1633.76
2026-07-17,Generation/07/17/2026 20:40.xlsx,980.69,762.98,995.26,925.26,13,272.46,272.46,169.585,169.585,5,1423.04,1472.515,1253.15,1164.845,217.71,0.0,-169.89,plant:+217.71kWh;net:-169.89kWh,yes,1253.15
2026-07-18,Generation/07/18/2026 20:40.xlsx,1034.03,810.38,995.26,925.26,13,269.42,269.42,169.585,169.585,5,1467.4,1472.515,1303.45,1164.845,223.65,0.0,-163.95,plant:+223.65kWh;net:-163.95kWh,yes,1303.45
2026-07-19,Generation/07/19/2026 20:40.xlsx,1224.8,953.63,995.26,925.26,13,312.51,312.51,169.585,169.585,5,1653.74,1472.515,1537.31,1164.845,271.17,0.0,-116.43,plant:+271.17kWh;net:-116.43kWh,yes,1537.31
2026-07-20,Generation/07/20/2026 20:40.xlsx,1015.24,757.93,995.26,925.26,13,287.53,287.53,169.585,169.585,5,1433.06,1472.515,1302.77,1164.845,257.31,0.0,-130.29,plant:+257.31kWh;net:-130.29kWh,yes,1302.77
2026-07-21,Generation/07/21/2026 20:40.xlsx,906.07,710.14,995.26,925.26,13,223.99,223.99,169.585,169.585,5,1321.73,1472.515,1130.06,1164.845,195.93,0.0,-191.67,plant:+195.93kWh;net:-191.67kWh,yes,1130.06
2026-07-22,Generation/07/22/2026 20:40.xlsx,792.4,629.14,995.26,925.26,13,199.85,199.85,169.585,169.585,5,1216.59,1472.515,992.25,1164.845,163.26,0.0,-224.34,plant:+163.26kWh;net:-224.34kWh,yes,992.25
2026-07-23,Generation/07/23/2026 20:40.xlsx,240.2,226.43,995.26,925.26,13,46.04,46.04,169.585,169.585,5,660.07,1472.515,286.24,1164.845,13.77,0.0,-373.83,plant:+13.77kWh;net:-373.83kWh,yes,286.24
2026-07-24,Generation/07/24/2026 20:40.xlsx,340.12,295.66,995.26,925.26,13,72.45,72.45,169.585,169.585,5,755.71,1472.515,412.57,1164.845,44.46,0.0,-343.14,plant:+44.46kWh;net:-343.14kWh,yes,412.57
2026-07-25,Generation/07/25/2026 20:40.xlsx,396.91,338.59,995.26,925.26,13,69.14,69.14,169.585,169.585,5,795.33,1472.515,466.05,1164.845,58.32,0.0,-329.28,plant:+58.32kWh;net:-329.28kWh,yes,466.05
2026-07-26,Generation/07/26/2026 20:40.xlsx,450.19,348.31,995.26,925.26,13,112.05,112.05,169.585,169.585,5,847.96,1472.515,562.24,1164.845,101.88,0.0,-285.72,plant:+101.88kWh;net:-285.72kWh,yes,562.24
2026-07-31,Generation/07/31/2026 20:40.xlsx,758.33,607.94,995.26,925.26,13,204.14,204.14,169.585,169.585,5,1199.68,1472.515,962.47,1164.845,150.39,0.0,-237.21,plant:+150.39kWh;net:-237.21kWh,yes,962.47
2026-08-01,Generation/08/01/2026 20:40.xlsx,293.71,250.24,995.26,925.26,13,62.78,62.78,169.585,169.585,5,700.62,1472.515,356.49,1164.845,43.47,0.0,-344.13,plant:+43.47kWh;net:-344.13kWh,yes,356.49
2026-08-02,Generation/08/02/2026 20:40.xlsx,597.51,471.87,995.26,925.26,13,134.05,134.05,169.585,169.585,5,993.52,1472.515,731.56,1164.845,125.64,0.0,-261.96,plant:+125.64kWh;net:-261.96kWh,yes,731.56
2026-08-03,Generation/08/03/2026 20:40.xlsx,1051.01,789.74,995.26,925.26,13,301.88,301.88,169.585,169.585,5,1479.22,1472.515,1352.89,1164.845,261.27,0.0,-126.33,plant:+261.27kWh;net:-126.33kWh,yes,1352.89
2026-08-04,Generation/08/04/2026 20:40.xlsx,938.93,733.1,995.26,925.26,13,256.73,256.73,169.585,169.585,5,1377.43,1472.515,1195.66,1164.845,205.83,0.0,-181.77,plant:+205.83kWh;net:-181.77kWh,yes,1195.66
2026-08-05,Generation/08/05/2026 20:40.xlsx,1096.13,863.57,995.26,925.26,13,252.91,252.91,169.585,169.585,5,1504.08,1472.515,1349.04,1164.845,232.56,0.0,-155.04,plant:+232.56kWh;net:-155.04kWh,yes,1349.04
2026-08-06,Generation/08/06/2026 20:40.xlsx,1216.36,969.94,995.26,925.26,13,276.24,276.24,169.585,169.585,5,1633.78,1472.515,1492.6,1164.845,246.42,0.0,-141.18,plant:+246.42kWh;net:-141.18kWh,yes,1492.6
2026-08-07,Generation/08/07/2026 20:41.xlsx,1075.24,870.4,995.26,925.26,13,255.75,255.75,169.585,169.585,5,1513.75,1472.515,1330.99,1164.845,204.84,0.0,-182.76,plant:+204.84kWh;net:-182.76kWh,yes,1330.99
2026-08-08,Generation/08/08/2026 20:40.xlsx,1214.46,971.01,995.26,925.26,13,280.61,280.61,169.585,169.585,5,1639.22,1472.515,1495.07,1164.845,243.45,0.0,-144.15,plant:+243.45kWh;net:-144.15kWh,yes,1495.07
2026-08-09,Generation/08/09/2026 20:40.xlsx,1301.09,1031.9,995.26,925.26,13,296.61,296.61,169.585,169.585,5,1716.11,1472.515,1597.7,1164.845,269.19,0.0,-118.41,plant:+269.19kWh;net:-118.41kWh,yes,1597.7
2026-08-10,Generation/08/10/2026 20:41.xlsx,580.16,502.04,995.26,925.26,13,114.7,114.7,169.585,169.585,5,1004.34,1472.515,694.86,1164.845,78.12,0.0,-309.48,plant:+78.12kWh;net:-309.48kWh,yes,694.86
2026-08-11,Generation/08/11/2026 20:40.xlsx,658.16,553.31,995.26,925.26,13,124.0,124.0,169.585,169.585,5,1064.91,1472.515,782.16,1164.845,104.85,0.0,-282.75,plant:+104.85kWh;net:-282.75kWh,yes,782.16
2026-08-12,Generation/08/12/2026 20:40.xlsx,686.49,581.64,995.26,925.26,13,139.26,139.26,169.585,169.585,5,1108.5,1472.515,825.75,1164.845,104.85,0.0,-282.75,plant:+104.85kWh;net:-282.75kWh,yes,825.75
2026-08-13,Generation/08/13/2026 20:41.xlsx,963.2,801.92,995.26,925.26,13,198.68,198.68,169.585,169.585,5,1388.2,1472.515,1161.88,1164.845,161.28,0.0,-226.32,plant:+161.28kWh;net:-226.32kWh,yes,1161.88
2026-08-14,Generation/08/14/2026 20:40.xlsx,955.4,802.04,995.26,925.26,13,192.03,192.03,169.585,169.585,5,1381.67,1472.515,1147.43,1164.845,153.36,0.0,-234.24,plant:+153.36kWh;net:-234.24kWh,yes,1147.43
2026-08-15,Generation/08/15/2026 20:40.xlsx,1537.46,1284.11,995.26,925.26,13,291.03,291.03,169.585,169.585,5,1962.74,1472.515,1828.49,1164.845,253.35,0.0,-134.25,plant:+253.35kWh;net:-134.25kWh,yes,1828.49
2026-08-16,Generation/08/16/2026 20:40.xlsx,1189.94,1007.87,995.26,925.26,13,240.11,240.11,169.585,169.585,5,1635.58,1472.515,1430.05,1164.845,182.07,0.0,-205.53,plant:+182.07kWh;net:-205.53kWh,yes,1430.05
2026-08-17,Generation/08/17/2026 20:40.xlsx,1180.03,991.03,995.26,925.26,13,239.11,239.11,169.585,169.585,5,1617.74,1472.515,1419.14,1164.845,189.0,0.0,-198.6,plant:+189.00kWh;net:-198.60kWh,yes,1419.14
2026-08-18,Generation/08/18/2026 20:40.xlsx,1394.48,1165.88,995.26,925.26,13,263.79,263.79,169.585,169.585,5,1817.27,1472.515,1658.27,1164.845,228.6,0.0,-159.0,plant:+228.60kWh;net:-159.00kWh,yes,1658.27
2026-08-19,Generation/08/19/2026 20:40.xlsx,1433.3,1207.67,995.26,925.26,13,274.74,274.74,169.585,169.585,5,1870.01,1472.515,1708.04,1164.845,225.63,0.0,-161.97,plant:+225.63kWh;net:-161.97kWh,yes,1708.04
2026-08-20,Generation/08/20/2026 20:40.xlsx,1296.17,1191.32,995.26,925.26,13,238.51,238.51,169.585,169.585,5,1817.43,1472.515,1534.68,1164.845,104.85,0.0,-282.75,plant:+104.85kWh;net:-282.75kWh,yes,1534.68
2026-08-21,Generation/08/21/2026 20:40.xlsx,1164.13,1010.77,995.26,925.26,13,184.15,184.15,169.585,169.585,5,1582.52,1472.515,1348.28,1164.845,153.36,0.0,-234.24,plant:+153.36kWh;net:-234.24kWh,yes,1348.28
2026-08-22,Generation/08/22/2026 20:40.xlsx,1546.37,1333.61,995.26,925.26,13,255.58,255.58,169.585,169.585,5,1976.79,1472.515,1801.95,1164.845,212.76,0.0,-174.84,plant:+212.76kWh;net:-174.84kWh,yes,1801.95
2026-08-23,Generation/08/23/2026 20:40.xlsx,1424.09,1232.12,995.26,925.26,13,260.88,260.88,169.585,169.585,5,1880.6,1472.515,1684.97,1164.845,191.97,0.0,-195.63,plant:+191.97kWh;net:-195.63kWh,yes,1684.97
2026-08-24,Generation/08/24/2026 20:40.xlsx,1794.07,1537.75,995.26,925.26,13,310.7,310.7,169.585,169.585,5,2236.05,1472.515,2104.77,1164.845,256.32,0.0,-131.28,plant:+256.32kWh;net:-131.28kWh,yes,2104.77
2026-08-25,Generation/08/25/2026 20:42.xlsx,1811.47,1556.14,995.26,925.26,13,271.27,271.27,169.585,169.585,5,2215.01,1472.515,2082.74,1164.845,255.33,0.0,-132.27,plant:+255.33kWh;net:-132.27kWh,yes,2082.74
2026-08-26,Generation/08/26/2026 20:40.xlsx,1715.99,1476.5,995.26,925.26,13,264.17,264.17,169.585,169.585,5,2128.27,1472.515,1980.16,1164.845,239.49,0.0,-148.11,plant:+239.49kWh;net:-148.11kWh,yes,1980.16
2026-08-27,Generation/08/27/2026 20:41.xlsx,1404.33,1198.5,995.26,925.26,13,251.09,251.09,169.585,169.585,5,1837.19,1472.515,1655.42,1164.845,205.83,0.0,-181.77,plant:+205.83kWh;net:-181.77kWh,yes,1655.42
2026-08-28,Generation/08/28/2026 20:40.xlsx,1526.81,1316.03,995.26,925.26,13,256.66,256.66,169.585,169.585,5,1960.29,1472.515,1783.47,1164.845,210.78,0.0,-176.82,plant:+210.78kWh;net:-176.82kWh,yes,1783.47
2026-08-29,Generation/08/29/2026 20:40.xlsx,1514.78,1299.05,995.26,925.26,13,252.18,252.18,169.585,169.585,5,1938.83,1472.515,1766.96,1164.845,215.73,0.0,-171.87,plant:+215.73kWh;net:-171.87kWh,yes,1766.96
2026-08-30,Generation/08/30/2026 20:40.xlsx,1514.96,1305.17,995.26,925.26,13,243.54,243.54,169.585,169.585,5,1936.31,1472.515,1758.5,1164.845,209.79,0.0,-177.81,plant:+209.79kWh;net:-177.81kWh,yes,1758.5
